{"cameraMode":{"drawMode":0,"name":"Shaded","section":"Shading Mode"},"sceneLighting":false,"audioPlay":false,"sceneViewState":{"m_AlwaysRefresh":false,"showFog":true,"showSkybox":false,"showFlares":true,"showImageEffects":true,"showParticleSystems":true,"showVisualEffectGraphs":true,"m_FxEnabled":true},"in2DMode":false,"pivot":{"x":-1.647242784500122,"y":5.567352294921875,"z":0.1687222719192505},"rotation":{"x":0.01974407397210598,"y":-0.34037789702415469,"z":0.007149003446102142,"w":0.9400542378425598},"size":7.086130619049072,"orthographic":true}