{"cameraMode":{"drawMode":0,"name":"Shaded","section":"Shading Mode"},"sceneLighting":false,"audioPlay":false,"sceneViewState":{"m_AlwaysRefresh":false,"showFog":true,"showSkybox":false,"showFlares":true,"showImageEffects":true,"showParticleSystems":true,"showVisualEffectGraphs":true,"m_FxEnabled":true},"in2DMode":false,"pivot":{"x":-0.17578279972076417,"y":2.1626462936401369,"z":-0.15376949310302735},"rotation":{"x":0.016808001324534417,"y":-0.009003241546452046,"z":0.00014963089779485017,"w":0.9998226761817932},"size":7.815511703491211,"orthographic":false}