{"cameraMode":{"drawMode":0,"name":"Shaded","section":"Shading Mode"},"sceneLighting":true,"audioPlay":false,"sceneViewState":{"m_AlwaysRefresh":false,"showFog":true,"showSkybox":true,"showFlares":true,"showImageEffects":true,"showParticleSystems":true,"showVisualEffectGraphs":true,"m_FxEnabled":true},"in2DMode":false,"pivot":{"x":0.22570085525512696,"y":2.6130528450012209,"z":2.2817726135253908},"rotation":{"x":0.19372262060642243,"y":-0.05882946029305458,"z":0.01163646299391985,"w":0.9792302846908569},"size":5.53380012512207,"orthographic":false}