{"cameraMode":{"drawMode":0,"name":"Shaded","section":"Shading Mode"},"sceneLighting":true,"audioPlay":false,"sceneViewState":{"m_AlwaysRefresh":false,"showFog":true,"showSkybox":true,"showFlares":true,"showImageEffects":true,"showParticleSystems":true,"showVisualEffectGraphs":true,"m_FxEnabled":true},"in2DMode":false,"pivot":{"x":290.2755126953125,"y":1296.0933837890625,"z":-13.85186767578125},"rotation":{"x":0.025455918163061143,"y":-0.056950587779283527,"z":0.0014525033766403795,"w":0.998053252696991},"size":644.9139404296875,"orthographic":true}